-- phpMyAdmin SQL Dump
-- version 5.1.1
-- https://www.phpmyadmin.net/
--
-- Host: 127.0.0.1
-- Generation Time: Feb 17, 2022 at 11:08 PM
-- Server version: 10.4.21-MariaDB
-- PHP Version: 7.4.25

SET SQL_MODE = "NO_AUTO_VALUE_ON_ZERO";
START TRANSACTION;
SET time_zone = "+00:00";


/*!40101 SET @OLD_CHARACTER_SET_CLIENT=@@CHARACTER_SET_CLIENT */;
/*!40101 SET @OLD_CHARACTER_SET_RESULTS=@@CHARACTER_SET_RESULTS */;
/*!40101 SET @OLD_COLLATION_CONNECTION=@@COLLATION_CONNECTION */;
/*!40101 SET NAMES utf8mb4 */;

--
-- Database: `city`
--

-- --------------------------------------------------------

--
-- Table structure for table `category`
--

CREATE TABLE `category` (
  `category_id` int(100) NOT NULL,
  `category_name` varchar(100) NOT NULL
) ENGINE=InnoDB DEFAULT CHARSET=utf8mb4;

--
-- Dumping data for table `category`
--

INSERT INTO `category` (`category_id`, `category_name`) VALUES
(1, 'সড়ক ও জনপদ'),
(2, 'বিচার ও ব্যাবস্থাপনা'),
(3, 'মহিলা ও শিশু বিষয়ক'),
(4, 'জ্বালানি ও খনিজ সম্পদ'),
(5, 'দুর্যোগ ব্যবস্থাপনা ও ত্রাণ'),
(6, 'স্বাস্থ্য ও পরিবার কল্যাণ'),
(7, 'পয়ঃনিষ্কাশন ও বর্জ্য'),
(8, 'গৃহায়ন ও গণপূর্ত'),
(9, 'শ্রম ও কর্মসংস্থান'),
(10, 'নগর উন্নয়ন ও সমবায়'),
(11, 'পানি সম্পদ'),
(12, 'যুব ও ক্রীড়া');

-- --------------------------------------------------------

--
-- Table structure for table `contact`
--

CREATE TABLE `contact` (
  `contact_id` int(100) NOT NULL,
  `user_id` int(100) NOT NULL,
  `subject` text NOT NULL,
  `message` text NOT NULL,
  `ward_no` int(100) NOT NULL,
  `author` varchar(100) NOT NULL,
  `date` date NOT NULL
) ENGINE=InnoDB DEFAULT CHARSET=utf8mb4;

--
-- Dumping data for table `contact`
--

INSERT INTO `contact` (`contact_id`, `user_id`, `subject`, `message`, `ward_no`, `author`, `date`) VALUES
(9, 5, 'চারিত্রিক সনদপত্র', 'আসসালামু ওয়ালাইকুম, স্যার আমি কয়েকবার আপনার অফিসে গিয়েও আপনার দেখা পায়নি,আমার একটা চারিত্রিক সনদপত্র দরকার,', 1, 'citizen', '2021-12-29'),
(10, 5, 'নতুন জন্ম নিবন্ধনের জন্য আবেদন', 'আসসালামু ওয়ালাইকুম, স্যার আমি কয়েকবার আপনার অফিসে গিয়েও আপনার দেখা পায়নি,আমার একটা চারিত্রিক সনদপত্র দরকার,', 1, 'citizen', '2021-12-29'),
(11, 3, '\"ভাঙ্গা রাস্তা, ভোগান্তিতে সাধারণ জনগণ\"', 'assjhjjdn  jhd   bfhd ngfgnbdnmbb  bdskjsecmx bj', 1, 'councilor', '2021-12-30'),
(12, 124, 'বিশুদ্ধ পানির অপর নাম সুস্থ জীবন', 'বৃষ্টি হলেই  অধিকাংশ ওয়ার্ডের রাস্তায় রাস্তায় হাঁটুসমান পানি জমে যাচ্ছে। কোথাও কোথাও জলাবদ্ধতা দীর্ঘস্থায়ী হচ্ছে দিনের পর দিন। \r\n এতে চলাচলের ক্ষেত্রে চরম ভোগান্তির শিকার হচ্ছে পৌরবাসী। পানিতে ডুবে থাকা সড়কের গর্তে পড়ে প্রতিনিয়ত ঘটছে ছোট-বড় দুর্ঘটনা।\r\nনিয়মিত ড্রেন পরিষ্কার না করায় এই দুর্ভোগের সৃষ্টি হচ্ছে বলে মন্তব্য করছেন বিশিষ্ট নাগরিকরা', 1, 'citizen', '2022-01-03'),
(13, 121, 'নারীশিক্ষা ও বাল্যবিবাহ প্রতিরোধের', 'বাল্যবিবাহ বন্ধে লক্ষ্যমাত্রা অর্জনে সরকার সক্রিয়ভাবে কোনো কাজ করেনি। স্রোতের সঙ্গে গা ভাসিয়ে দিয়ে বাল্যবিবাহের ঘটনা ঘটতে দেওয়া হয়েছে।\r\n ', 1, 'citizen', '2022-01-03'),
(14, 122, ' শহুরে- আমার আধুনিক শহর', ' প্রকৃতির সর্বত্র আমাদের মাথা গলে না| এমন অনেক স্থান আছে যেখানে বুদ্ধি অন্ধকারে হাতড়াইয়া মরে, হৃদয় আপন আলোকে পথ দেখায়\r\n ', 1, 'citizen', '2022-01-03'),
(15, 8, ' বেশির ভাগ সড়কেই হাঁটু সমান বিষাক্ত পানি!', 'Flood Fill is a seed fill algorithm similar to Boundary Fill algorithm but sometimes when it is required to fill in an area that is not defined within a single color boundary we use flood fill instead of boundary fill.', 2, 'councilor', '2022-01-03'),
(16, 9, 'Waste management', 'Plastic bags, papers, tissue papers, cigarette butts, fruit and vegetable skins and other things are thrown indiscriminately. There are some dustbins but those are not cleaned on a regular basis. As a result, foul smells from those pollute the environment. ', 3, 'councilor', '2022-01-03'),
(17, 11, 'Drainage', 'Chittagong city saw at least 12 canals vanish in the last 48 years, during which time the waterlogging problem exacerbated.In a recent survey, jointly conducted by Chittagong City Corporation and Chittagong Wasa to draft a drainage and sanitation master plan', 4, 'councilor', '2022-01-03'),
(18, 17, ' এক রাতের বৃষ্টিতে নগরীর অলিগলিতে হাঁটু পানি', 'সাম্প্রতিক টানা বর্ষণে তলিয়ে যায় চট্টগ্রাম নগরীর অনেক সড়ক। তাতে এখন নতুন ভোগান্তির নাম ভাঙ্গাচোরা রাস্তাঘাট।\r\n', 10, 'councilor', '2022-01-03'),
(19, 18, 'ভাঙ্গা রাস্তায় দুর্ভোগ জনসাধারণ', 'অধিকাংশ রাস্তা দীর্ঘদিন ধরে সংস্কার না হওয়ায় এবং রাস্তাগুলোর কার্পেটিং উঠেগিয়ে ছোট-বড় খানাখন্দকে পরিণত হওয়ায় চলাচলে চরম ভোগান্তিতে সাধারণ জনগণ।', 11, 'councilor', '2022-01-03'),
(21, 17, 'ABCDF', 'রাস্তার বেহাল দশা, ভোগান্তি চরমে!\r\n সড়ক খালে পরিণত, ভোগান্তিতে ৫ গ্রামের মানুষ\r\n ভাঙ্গা রাস্তায় দুর্ভোগ জনসাধারণ\r\n ভাঙ্গা রাস্তার ঝাঁকুনিতে ওষ্ঠাগত প্রাণ, যানজটে দুর্ভোগ চরমে', 10, 'councilor', '2022-01-09'),
(22, 137, 'বিশুদ্ধ পানির অপর নাম সুস্থ জীবন', 'gfytd bcytdb', 10, 'citizen', '2022-01-21'),
(23, 17, 'qwertvvh', 'vgydbgtyb bv', 10, 'councilor', '2022-01-21'),
(24, 3, 'খাদ্যে ভেজাল ', 'gtftb vutdb', 1, 'councilor', '2022-01-21');

-- --------------------------------------------------------

--
-- Table structure for table `notice`
--

CREATE TABLE `notice` (
  `notice_id` int(100) NOT NULL,
  `topic` text NOT NULL,
  `info` text NOT NULL,
  `author` varchar(100) NOT NULL,
  `ward_no` int(100) NOT NULL,
  `date` date NOT NULL,
  `status` varchar(100) NOT NULL
) ENGINE=InnoDB DEFAULT CHARSET=utf8mb4;

--
-- Dumping data for table `notice`
--

INSERT INTO `notice` (`notice_id`, `topic`, `info`, `author`, `ward_no`, `date`, `status`) VALUES
(20, 'কোভিড ভ্যাক্সিন টিকা কার্যক্রম', 'স্বাস্থ্য অধিদপ্তর এখন বলছে গ্রাম বা ইউনিয়ন পর্যায়ের টিকা কার্যক্রম ১৪ই অগাস্ট শুরু হবে, এবং আগের নির্ধারিত তারিখ ৭ই অগাস্টে সারাদেশে পরীক্ষামূলক টিকা দেয়া হবে এতদিন স্বাস্থ্যমন্ত্রীসহ সরকারের অনেক মন্ত্রী ৭ই অগাস্ট থেকে সাতদিনে এক কোটি টিকা দেয়ার কথা বলেছেন।', 'Counsilor', 1, '2021-12-29', 'approved'),
(21, 'মশক নিধন ও ডেঙ্গু মোকাবেলায় একগুচ্ছ পদক্ষেপ', 'স্থানীয় সরকার মন্ত্রী মো. তাজুল ইসলামের সভাপতিত্বে বৃহস্পতিবার সচিবালয়ে মশক নিধন ও ডেঙ্গু প্রতিরোধ সংক্রান্ত এক আন্তঃমন্ত্রণালয় সভায় একগুচ্ছ সিদ্ধান্ত হয়েছে বলে মন্ত্রণালয়ের এক সংবাদ বিজ্ঞপ্তিতে জানানো হয়েছে।\r\nমন্ত্রীকে উদ্ধৃত করে বিজ্ঞপ্তিতে বলা হয়, “সরকারি ভবন, লেক, পার্ক, খাল রক্ষণাবেক্ষণের দায়িত্ব পালন করবে সংশ্লিষ্ট মন্ত্রণালয়, অধিদপ্তর বা কর্তৃপক্ষ। আর মশা মারার কাজ করবে সিটি করপোরেশন।', 'Counsilor', 2, '2021-12-30', 'approved'),
(23, 'ভোটার হওয়ার নতুন নিয়ম ২০২২: এনআইডি (NID) করতে যা যা লাগবে', 'বাংলাদেশের সকল নাগরিকদের জন্য পরিচয় সনদ হচ্ছে ভোটার কার্ড যাকে জাতীয় পরিচয় পত্র বা সংক্ষেপে এনআইডি বলা হয়। দেশের ভিতর এটি পরিচয় প্রমাণের প্রধান মাধ্যম। আঠার বছর পূর্ণ হলে ভোটার আইডি করা সবার জন্য বাধ্যতা মূলক করা হয়েছে আইনে।', 'Counsilor', 1, '2021-12-30', 'approved'),
(24, 'শীতার্ত ব্যক্তিদের জন্য শীতবস্ত্র', 'আল্লাহর ইচ্ছায় প্রকৃতির অমোঘ নিয়মে ঋতুর পালাবদল ঘটে। কনকনে হিমেল হাওয়া ও তীব্র শৈত্যপ্রবাহ দরিদ্র জনগোষ্ঠী-অধ্যুষিত অঞ্চলে বিরূপ প্রভাব ফেলে এবং মানুষের অসহায়ত্বকে প্রকট করে তোলে। তাই শীতার্ত হতদরিদ্র মানুষের প্রতি সমাজের সামর্থ্যবান ও বিত্তশালী ব্যক্তিদের সাহায্য ও সহানুভূতির হাত সম্প্রসারিত করে তাদের পর্যাপ্ত পরিমাণে শীতবস্ত্র বিতরণ করে তাদের পাশে এসে দাঁড়ানো দরকার।', 'Counsilor', 1, '2021-12-30', 'approved'),
(25, 'বয়স্ক ভাতা', ' দুস্থ ও স্বল্প উপার্জনক্ষম অথবা উপার্জনে অক্ষম বয়স্ক জনগোষ্ঠীর সামাজিক নিরাপত্তা বিধানে ও পরিবার ও সমাজে মর্যাদা বৃদ্ধির লক্ষ্যে ১৯৯৭-৯৮ অর্থ বছরে  ‘বয়স্কভাতা’ কর্মসূচি প্রবর্তন  করা হয়। প্রাথমিকভাবে দেশের সকল ইউনিয়ন পরিষদের প্রতিটি ওয়ার্ডে ৫ জন পুরুষ ও ৫ জন মহিলাসহ ১০ জন দরিদ্র বয়োজ্যেষ্ঠ ব্যক্তিকে প্রতিমাসে ১০০ টাকা হারে ভাতা প্রদানের আওতায় আনা হয়। পরবর্তীতে দেশের সকল পৌরসভা ও সিটিকর্পোরেশন এ কর্মসূচির আওতাভুক্ত করা হয়।', 'Counsilor', 1, '2021-12-30', 'approved'),
(28, 'খাদ্যে ভেজাল রোধে প্রতিকারের চেয়ে প্রতিরোধ জরুরি', 'নিরাপদ খাদ্য পাওয়া মানুষের মৌলিক মানবাধিকার। অনিরাপদ খাদ্য বড় ধরনের জনস্বাস্থ্য সমস্যা। হাসপাতালগুলোতে রোগী বেড়ে যাওয়ার কারণ দূষিত ও ভেজাল তথা অনিরাপদ খাদ্য। মাটি দূষিত হলে সেই মাটি থেকে প্রাপ্ত খাদ্যের বিশুদ্ধ হওয়ার সুযোগ কম। আবার কীটনাশকের যথেচ্ছ ব্যবহারে ফসল অনিরাপদ হতে পারে। বিক্রেতার অসতর্কতা-অসততায়ও কোনো খাদ্য অনিরাপদ হতে পারে। নাগরিকরা সচেতন হলে খাদ্যে ভেজাল ও দূষণ প্রতিরোধ সম্ভব। যথানিয়মে রান্না কিংবা সংরক্ষণ না করলে নিরাপদ খাদ্যও অনিরাপদ হয়ে যেতে পারে। কোন খাদ্য নিরাপদ এবং কীভাবে নিরাপদ রাখতে হবে এসব বিষয়ে সম্যক জ্ঞান থাকলে এবং সংশ্লিষ্ট কর্তৃপক্ষের নির্দেশনা মেনে চললেই খাদ্যে ভেজাল ও দূষণ রোধ করা সম্ভব।', 'Counsilor', 1, '2022-01-03', 'approved'),
(29, 'শিশু-কিশোরদের শারিরীক এবং মানসিক বিকাশে পর্যাপ্ত পার্ক ও মাঠের দাবি', 'রাজধানীতে প্রায় ২ কোটি লোকের বসবাস। জনসংখ্যার দিক থেকে সর্বোচ্চ সীমা অতিক্রম করেছে এই শহর। মানুষের গায়ে গা লাগার মতো দশা। যার কারণে সুস্থ জীবনযাপনের সব সুবিধা দেয়া কর্তৃপক্ষের সম্ভব হয়ে উঠে না। সম্ভব হয় না আরো একটি কারণে তা হলো পরিকল্পনাহীন নগরায়ন। তারপরও নানা সীমাবদ্ধা তার মধ্যেও কিছু কিছু বিষয় আবশ্যিক হয়ে দাঁড়ায়। ঢাকা শহরে পার্ক বা বিনোদন কেন্দ্র তেমনি আবশ্যিক। মানুষের বেঁচে থাকার জন্য শুধু খাবারই যথেষ্ট নয়, বিনোদনেরও প্রয়োজন আছে।', 'Counsilor', 1, '2022-01-03', 'approved'),
(30, 'বিশুদ্ধ পানির অপর নাম সুস্থ জীবন', 'প্রয়োজনীয় বিশুদ্ধ পানি পানির অভাবে অনেক রকমের শারীরিক সমস্যা দেখা দিতে পারে। পানি পর্যাপ্ত পরিমাণে পান করলে আমাদের পিপাসা মেটানোর পাশাপাশি শরীরের পানিশূন্যতাও দূর হয়। ফলে শারীরিক ক্লান্তি দূর হয় এবং শক্তিও ফিরে আসে। পানি রক্ত ও রক্ত কণিকায় অক্সিজেন এবং অন্যান্য পুষ্টি উপাদান সরবরাহ করে', 'Counsilor', 1, '2022-01-03', 'approved'),
(31, 'বিশুদ্ধ পানির অপর নাম সুস্থ জীবন', 'প্রয়োজনীয় বিশুদ্ধ পানি পানির অভাবে অনেক রকমের শারীরিক সমস্যা দেখা দিতে পারে। পানি পর্যাপ্ত পরিমাণে পান করলে আমাদের পিপাসা মেটানোর পাশাপাশি শরীরের পানিশূন্যতাও দূর হয়। ফলে শারীরিক ক্লান্তি দূর হয় এবং শক্তিও ফিরে আসে। পানি রক্ত ও রক্ত কণিকায় অক্সিজেন এবং অন্যান্য পুষ্টি উপাদান সরবরাহ করে', 'Counsilor', 1, '2022-01-03', ''),
(32, 'শহুরে- আমার আধুনিক শহর', 'প্রকৃতির সর্বত্র আমাদের মাথা গলে না| এমন অনেক স্থান আছে যেখানে বুদ্ধি অন্ধকারে হাতড়াইয়া মরে, হৃদয় আপন আলোকে পথ দেখায়', 'mayor', 0, '2022-01-03', 'approved'),
(33, 'দরিদ্র মা’র জন্য মাতৃত্বকাল ভাতা প্রদান কর্মসূচি', 'ইউনিয়ন কমিটি কর্তৃক মাইকিং করে নির্দিষ্ট তারিখে সম্ভাব্য প্রার্থীদের উপস্থিত হবার জন্য প্রচারণা চালানো হয় এবং গর্ভধারিণী মা সম্পর্কে স্থানীয়ভাবে জরিপ এবং তথ্যানুসন্ধান করা হয়। স্কুল, কলেজ/মাদ্রাসার প্রধান, ইমাম, স্থানীয় কাজী এবং ইউনিয়ন ভূমি সহকারীদের নিকট হতে বয়স, বিবাহ, সন্তানসংখ্যা, মাসিক আয়, সম্পদের মালিকানাসংক্রান্ত সুনির্দিষ্ট তথ্য সংগ্রহ ক', 'Counsilor', 10, '2022-01-15', 'approved'),
(34, 'সবাই সচেতন হলে ডেঙ্গু প্রতিরোধ সম্ভব', 'করোনাভাইরাসের ঊর্ধ্বমুখী সংক্রমণের মধ্যেই রাজধানীতে ডেঙ্গু রোগীর সংখ্যা আশঙ্কাজনক হারে বাড়তে শুরু করেছে। ডেঙ্গু জ্বরে যখন সারা দেশ কাঁপছে তখন ডেঙ্গুবাহী এডিস মশা দমনে উদ্যোগ নিল স্বেচ্ছাসেবী সংগঠন ‘মাঞ্জা’। সংগঠনের উদ্যোগে স্বেচ্ছাসেবকরা মশন নিধন ওষুধ ছিটাচ্ছেন রাজধানীর পুরান ঢাকার বিভিন্ন এলাকায়', 'Counsilor', 10, '2022-01-15', 'approved'),
(35, 'নগদ ও বিকাশে সরকারি ভাতা যাবে সরাসরি উপকারভোগীর হাতে', 'সমাজকল্যাণ মন্ত্রণালয়সহ মোবাইলে ভাতা পাঠানোর প্রক্রিয়ায় সংশ্লিষ্টদের ধন্যবাদ জানিয়ে শেখ হাসিনা বলেন, আমরা যেই সমস্ত ভাতাগুলো দিচ্ছি এটা যেন যথাযথ সঠিকভাবে যে মানুষটাকে আমরা দেব তার হাতে পৌঁছায়। মাঝে যেন আর কেউ না থাকে। তাদের অর্থটা তাদের হাতে যাবে। তাদের যেভাবে খুশি তারা সেভাবে ব্যবহার করবে। সেটুকু যেন আমরা করতে পারি। সেটার ব্যবস্থা দীর্ঘদিন ধরে আমরা চেষ্টা করে যাচ্ছিলাম। আমি ধন্যবাদ জানাচ্ছি সেই ব্যবস্থাটা আপনারা নিয়েছেন।', 'Counsilor', 10, '2022-01-15', ''),
(36, 'করোনাকালীন সময়ে গণপরিবহন ব্যবহারে সচেতনতা', 'করোনাভাইরাসের নানা ধরন রয়েছে। এর মধ্যে কোনো কোনোটি প্রাণঘাতী হয়ে উঠতে পারে। বর্তমানে চীন থেকে ছড়িয়ে পড়া নতুন করোনাভাইরাস তেমনই একটি ভাইরাস। এখন পর্যন্ত এই ভাইরাসের সংক্রমণের বা কোভিড-১৯ রোগের কোনো টিকা আবিষ্কৃত হয়নি। এই ভাইরাসের সংক্রমণ প্রতিরোধে ব্যক্তিগত সচেতনতার কোনো বিকল্প নেই।', 'Counsilor', 10, '2022-01-15', 'approved');

-- --------------------------------------------------------

--
-- Table structure for table `posts`
--

CREATE TABLE `posts` (
  `post_id` int(100) NOT NULL,
  `user_id` int(100) NOT NULL,
  `user_name` varchar(100) NOT NULL,
  `ward_no` int(100) NOT NULL,
  `address` varchar(100) NOT NULL,
  `subject` text NOT NULL,
  `description` text NOT NULL,
  `category` int(100) NOT NULL,
  `post_image` text NOT NULL,
  `date` date NOT NULL,
  `state` int(100) NOT NULL
) ENGINE=InnoDB DEFAULT CHARSET=utf8mb4;

--
-- Dumping data for table `posts`
--

INSERT INTO `posts` (`post_id`, `user_id`, `user_name`, `ward_no`, `address`, `subject`, `description`, `category`, `post_image`, `date`, `state`) VALUES
(57, 68, 'user_11', 1, '১ নং দক্ষিণ পাহাড়তলী', '\"ভাঙ্গা রাস্তা, ভোগান্তিতে সাধারণ জনগণ\"', 'ভাঙ্গা রাস্তায় ছোট গাড়ি চলাচল করা ধীরে ধীরে অসম্ভব হয়ে পড়ছে। ফলে আশেপাশের এলাকাবাসীকে চরম দুর্ভোগে পড়তে হচ্ছে।এ', 1, 'img1.jpg', '2021-12-28', 2),
(58, 5, 'user_1', 1, 'দক্ষিণ পাহাড়তলী', 'ভাগাড়ের আবর্জনা রাস্তায়', 'দুই পাশে ময়লা-আবর্জনা ফেলায় রাস্তা খুব সরু হয়ে পড়েছে।  ময়লা জমতে জমতে কোথাও কোথাও তা বিশাল রাস্তার অর্ধেক অংশ দখল করে ফেলেছে। এতে দুর্ভোগের শিকার হচ্ছে নগরবাসী।', 7, 'moila_1.jpg', '2021-12-28', 2),
(59, 70, 'user_13', 1, 'দক্ষিণ পাহাড়তলী', 'রাস্তার লাইট সংক্রান্ত সমস্যা', 'উপজেলা পরিষদের আসে পাশের রাস্তায় কোন লাইট/বাতি নাই । এতে করে রাত্রি কালিন চলাফেরা করা লোকজন অনেক সমস্যার সম্মুখীন হন । পরতে যাওয়া শিক্ষার্থীরা কুরুচি পূর্ণ /বিব্রতকর ঘটনার সম্মুখীন হয় ।', 10, 'Light.jpg', '2021-12-28', 3),
(60, 69, 'user_12', 1, 'দক্ষিণ পাহাড়তলী', 'অনুপযুক্ত পাবলিক টয়লেট', 'দুর্গন্ধ, ভাঙা দরজা, সিটকানি না থাকা, ছাদের পানি চুয়ে পড়া, এমনকি নিরাপত্তার অভাব রয়েছে।   বাসা থেকে কাজে বের হয়ে আবার ফিরে না আসা পর্যন্ত প্রস্রাব-পায়খানা চেপে রাখতে হয় নারী-প্রতিবন্ধীদের।', 7, 'toilet_day_0.jpg', '2021-12-28', 1),
(61, 51, 'user_2', 1, 'দক্ষিণ পাহাড়তলী', 'রাস্তা-ফুটপাত-ড্রেন মেরামতে সীমাহীন গাফিলতি', 'রেলগেইট থেকে জুরাইন কবরস্থান যাওয়ার পুরনো রাস্তাটি খুঁড়ে ড্রেনেজ লাইন স্থাপন করা হয়েছে। অথচ রাস্তাটি মেরামত করা হয়নি। কাজ শুরু হলে যেন আর শেষ হতে চায় না।', 1, 'Drain.jpg', '2021-12-28', 3),
(62, 117, 'Samia', 1, 'দক্ষিণ পাহাড়তলী', 'রাজধানীবাসী মশার যন্ত্রণায় অতিষ্ঠ', 'নগরে ডেঙ্গুর প্রকোপ কমেছে। তবে কমেনি মশার উপদ্রব। নগরবাসী মশার যন্ত্রণায় অতিষ্ঠ। লোকজন বলছেন, মশকনিধন কার্যক্রমে ঢিলেমির কারণে এমন পরিস্থিতির সৃষ্টি হয়েছে।কীটতত্ত্ববিদেরা বলছেন, এখন নগরে মূলত কিউলেক্স মশার উপদ্রব চলছে।', 7, 'dengue1.jpg', '2021-12-28', 0),
(63, 118, 'Raisaa', 1, 'দক্ষিণ পাহাড়তলী', 'নারীশিক্ষা ও বাল্যবিবাহ প্রতিরোধের বিরোধিতা কাম্য নয়', 'বেতছড়ি এলাকার মাতবর আলমগীর হোসেন বলেন, এলাকায় যে বাল্যবিবাহগুলো হয়েছে, সেগুলো গোপনে বা এলাকার বাইরে গিয়ে হয়েছে। নোটারি পাবলিকের মাধ্যমে হলফনামা করে যে বিয়ে হয়,\r\n তা বন্ধ করতে পারলে ভালো হবে। তাঁরা এখন থেকে এলাকায় আর বাল্যবিবাহ হতে দেবেন না।বাল্যবিবাহ বন্ধে লক্ষ্যমাত্রা অর্জনে সরকার সক্রিয়ভাবে কোনো কাজ করেনি। স্রোতের সঙ্গে গা ভাসিয়ে দিয়ে বাল্যবিবাহের ঘটনা ঘটতে দেওয়া হয়েছে।', 3, 'wed_2.jpg', '2021-12-28', 0),
(66, 74, 'user_25', 2, '২ নং জালালাবাদ', 'বাল্যবিবাহ বন্ধে', 'বাল্যবিবাহ  বন্ধে লক্ষ্যমাত্রা অর্জনে সরকার সক্রিয়ভাবে কোনো কাজ করেনি। নোটারি পাবলিকের মাধ্যমে হলফনামা করে যে বিয়ে হয়,\r\n তা বন্ধ করতে পারলে ভালো হবে। তাঁরা এখন থেকে এলাকায় আর বাল্যবিবাহ হতে দেবেন না।', 2, 'wed.jpg', '2021-12-28', 3),
(67, 73, 'user_24', 2, '২ নং জালালাবাদ', 'রাস্তা-ফুটপাত-ড্রেন মেরামতে সীমাহীন গাফিলতি', 'চরম ভোগান্তিতে সাধারণ জনগণ।\r\nএমনকি উপজেলর বেশ কিছু রাস্তা দেখে বুঝার উপায় নেই কোনটা পাকা-কোনটা কাঁচা রাস্তা। আর এই কারণে যানবাহন ও জনসাধারণের চলাচলের অযোগ্য হয়ে পাড়েছে ঐ সকল রাস্তাগুলো।\r\n যার ফলে প্রতিনিয়ত ঘটছে দুর্ঘটনা। ', 1, 'post_1.jpg', '2021-12-28', 3),
(68, 72, 'user_23', 2, '২ নং জালালাবাদ', '  সামান্য বৃষ্টিতে সড়কে হাঁটু পানি জলাবদ্ধতা আছেই', 'ৃষ্টি হলেই  অধিকাংশ ওয়ার্ডের রাস্তায় রাস্তায় হাঁটুসমান পানি জমে যাচ্ছে। কোথাও কোথাও জলাবদ্ধতা দীর্ঘস্থায়ী হচ্ছে দিনের পর দিন। \r\n এতে চলাচলের ক্ষেত্রে চরম ভোগান্তির শিকার হচ্ছে পৌরবাসী। পানিতে ডুবে থাকা সড়কের গর্তে পড়ে প্রতিনিয়ত ঘটছে ছোট-বড় দুর্ঘটনা।\r\nনিয়মিত ড্রেন পরিষ্কার না করায় এই দুর্ভোগের সৃষ্টি হচ্ছে বলে মন্তব্য করছেন বিশিষ্ট নাগরিকরা। অন্যদিকে সাধারণ মানুষের দুর্ভোগের চিত্র প্রকট\r\n আকার ধারণ করলেও পয়ঃনিষ্কাশনব্যবস্থার উন্নয়নের বদলে পৌর কর্তৃপক্ষের দৃষ্টি কেবল নির্মাণ ও ব্যয়মূলক প্রকল্পের দিকে।\r\n ', 5, 'WL02_Edited.jpg', '2021-12-28', 1),
(69, 71, 'user_22', 2, '২ নং জালালাবাদ', 'ভাঙ্গা রাস্তার ঝাঁকুনিতে ওষ্ঠাগত প্রাণ, যানজটে দুর্ভোগ চরমে', ' অধিকাংশ রাস্তা দীর্ঘদিন ধরে সংস্কার না হওয়ায় এবং রাস্তাগুলোর কার্পেটিং উঠেগিয়ে ছোট-বড় খানাখন্দকে পরিণত হওয়ায় চলাচলে চরম ভোগান্তিতে সাধারণ জনগণ।\r\nএমনকি উপজেলর বেশ কিছু রাস্তা দেখে বুঝার উপায় নেই কোনটা পাকা-কোনটা কাঁচা রাস্তা। আর এই কারণে যানবাহন ও জনসাধারণের চলাচলের অযোগ্য হয়ে পাড়েছে ঐ সকল রাস্তাগুলো।\r\n যার ফলে প্রতিনিয়ত ঘটছে দুর্ঘটনা। দুর্ভোগ পোহাতে হচ্ছে এই উপজেলার হাজার হাজার মানুষদের।সরেজমিনে গিয়ে দেখা যায়, উপজেলার ৬ ইউনিয়ন এবং \r\n একটি পৌরসভার অধিকাংশ রাস্তাগুলোর কাপের্টিং উঠে গিয়ে ছোট বড় খানা খন্দকে পরিণত হয়েছে।', 1, 'img1.jpg', '2021-12-28', 0),
(70, 119, 'Sanjida', 2, '২ নং জালালাবাদ', 'স্বাস্থ্য ঝুঁকিতে নগরবাসী : অব্যবস্থাপনায় ময়লার ভাগাড়', 'রাজধানীজুড়ে ময়লা-আবর্জনা। যত্রতত্র ময়লায় ভাগাড়। জনসচেতনতার অভাব আর দায়িত্ববানদের অবহেলা ও কর্তৃপক্ষের চরম অব্যবস্থাপনায় গোটা রাজধানীই যেন ময়লা-আবর্জনার বৃহৎ ভাগাড়ে পরিণত হয়েছে। \r\n', 7, 'post_3.jpg', '2021-12-28', 1),
(71, 120, 'Rashid', 2, '২ নং জালালাবাদ', ' বেশির ভাগ সড়কেই হাঁটু সমান বিষাক্ত পানি!', ' পানিতে ডুবে থাকা সড়কের গর্তে পড়ে প্রতিনিয়ত ঘটছে ছোট-বড় দুর্ঘটনা।নিয়মিত ড্রেন পরিষ্কার না করায় এই দুর্ভোগের সৃষ্টি হচ্ছে বলে মন্তব্য করছেন বিশিষ্ট নাগরিকরা। অন্যদিকে সাধারণ মানুষের দুর্ভোগের চিত্র প্রকট\r\n ', 5, 'Rain.jpg', '2021-12-28', 1),
(72, 76, 'user_31', 3, '৩ নং পাঁচলাইশ ', 'পুরো নগরীই যেন ময়লার ভাগাড়', 'রাজধানীজুড়ে ময়লা-আবর্জনা। যত্রতত্র ময়লায় ভাগাড়। নর্দমার নোংরা ময়লা-পানি ঢুকে পড়ছে বাড়িঘরেও। চারদিকের উৎকট গন্ধে বাতাস ভারী হয়ে থাকছে। প্রতিটি বাড়ির ফাঁকে, খোলা জায়গায়, গলিপথে ময়লা-আবর্জনার স্তূপ। ', 7, 'Moila_2.jpg', '2021-12-28', 1),
(73, 77, 'user_33', 3, '৩ নং পাঁচলাইশ ', 'রাস্তার বেহাল দশা, ভোগান্তি চরমে!', 'অধিকাংশ রাস্তা দীর্ঘদিন ধরে সংস্কার না হওয়ায় এবং রাস্তাগুলোর কার্পেটিং উঠেগিয়ে ছোট-বড় খানাখন্দকে পরিণত হওয়ায় চলাচলে চরম ভোগান্তিতে সাধারণ জনগণ।\r\nএমনকি উপজেলর বেশ কিছু রাস্তা দেখে বুঝার উপায় নেই কোনটা পাকা-কোনটা কাঁচা রাস্তা', 1, 'img1.jpg', '2021-12-28', 3),
(74, 78, 'user_32', 3, '৩ নং পাঁচলাইশ ', 'রাজধানীবাসী মশার যন্ত্রণায় অতিষ্ঠ', 'বৃষ্টি হলেই  অধিকাংশ ওয়ার্ডের রাস্তায় রাস্তায় হাঁটুসমান পানি জমে যাচ্ছে। কোথাও কোথাও জলাবদ্ধতা দীর্ঘস্থায়ী হচ্ছে দিনের পর দিন। \r\n এতে চলাচলের ক্ষেত্রে চরম ভোগান্তির শিকার হচ্ছে পৌরবাসী। পানিতে ডুবে থাকা সড়কের গর্তে পড়ে প্রতিনিয়ত ঘটছে ছোট-বড় দুর্ঘটনা।', 10, 'Dengue.jpg', '2021-12-28', 1),
(75, 79, 'user_34', 3, '৩ নং পাঁচলাইশ ', 'এক রাতের বৃষ্টিতে নগরীর অলিগলিতে হাঁটু পানি', 'বৃষ্টিতে হলেই  অধিকাংশ ওয়ার্ডের রাস্তায় রাস্তায় হাঁটুসমান পানি জমে যাচ্ছে। কোথাও কোথাও জলাবদ্ধতা দীর্ঘস্থায়ী হচ্ছে দিনের পর দিন। \r\n এতে চলাচলের ক্ষেত্রে চরম ভোগান্তির শিকার হচ্ছে পৌরবাসী। পানিতে ডুবে থাকা সড়কের গর্তে পড়ে প্রতিনিয়ত ঘটছে ছোট-বড় দুর্ঘটনা।', 5, 'WaterLogging.jpg', '2021-12-28', 1),
(76, 80, 'user_35', 3, '৩ নং পাঁচলাইশ ', 'মাঠ খেলার, ভাগাড় ময়লার', 'রাজধানীজুড়ে ময়লা-আবর্জনা। যত্রতত্র ময়লায় ভাগাড়। জনসচেতনতার অভাব আর দায়িত্ববানদের অবহেলা ও কর্তৃপক্ষের চরম অব্যবস্থাপনায় গোটা রাজধানীই যেন ময়লা-আবর্জনার বৃহৎ ভাগাড়ে পরিণত হয়েছে।', 12, 'moila_8.jpg', '2021-12-28', 0),
(77, 81, 'user_36', 3, '৩ নং পাঁচলাইশ ', 'বৃষ্টি ও যানজটে চরম দুর্ভোগে রাজধানীবাসী', 'বৃষ্টি হলেই  অধিকাংশ ওয়ার্ডের রাস্তায় রাস্তায় হাঁটুসমান পানি জমে যাচ্ছে। কোথাও কোথাও জলাবদ্ধতা দীর্ঘস্থায়ী হচ্ছে দিনের পর দিন। \r\n এতে চলাচলের ক্ষেত্রে চরম ভোগান্তির শিকার হচ্ছে পৌরবাসী। ', 1, 'Bristi_Edi.jpg', '2021-12-28', 1),
(78, 129, 'Saif', 1, 'দক্ষিণ পাহাড়তলী', 'ভাঙ্গা রাস্তায় দুর্ভোগ জনসাধারণ', 'অধিকাংশ রাস্তা দীর্ঘদিন ধরে সংস্কার না হওয়ায় এবং রাস্তাগুলোর কার্পেটিং উঠেগিয়ে ছোট-বড় খানাখন্দকে পরিণত হওয়ায় চলাচলে চরম ভোগান্তিতে সাধারণ জনগণ।\r\nএমনকি উপজেলর বেশ কিছু রাস্তা দেখে বুঝার উপায় নেই কোনটা পাকা-কোনটা কাঁচা রাস্তা। আর এই কারণে যানবাহন ও জনসাধারণের চলাচলের অযোগ্য হয়ে পাড়েছে ঐ সকল রাস্তাগুলো।\r\n যার ফলে প্রতিনিয়ত ঘটছে দুর্ঘটনা। দুর্ভোগ পোহাতে হচ্ছে এই উপজেলার হাজার হাজার মানুষদের।', 1, 'post_2.jpg', '2021-12-30', 0),
(79, 127, 'Rana', 1, 'দক্ষিণ পাহাড়তলী', 'সড়ক খালে পরিণত, ভোগান্তিতে ৫ গ্রামের মানুষ', 'যানবাহন ও জনসাধারণের চলাচলের অযোগ্য হয়ে পাড়েছে ঐ সকল রাস্তাগুলো।\r\n যার ফলে প্রতিনিয়ত ঘটছে দুর্ঘটনা। দুর্ভোগ পোহাতে হচ্ছে এই উপজেলার হাজার হাজার মানুষদের।সরেজমিনে গিয়ে দেখা যায়, উপজেলার ৬ ইউনিয়ন এবং \r\n একটি পৌরসভার অধিকাংশ রাস্তাগুলোর কাপের্টিং উঠে গিয়ে ছোট বড় খানা খন্দকে পরিণত হয়েছে।', 1, 'Rasta1.jpg', '2021-12-30', 0),
(80, 126, 'Rifat', 1, 'দক্ষিণ পাহাড়তলী', 'বৃষ্টি ও যানজটে চরম দুর্ভোগে রাজধানীবাসী', 'পানিতে ডুবে থাকা সড়কের গর্তে পড়ে প্রতিনিয়ত ঘটছে ছোট-বড় দুর্ঘটনা।\r\nনিয়মিত ড্রেন পরিষ্কার না করায় এই দুর্ভোগের সৃষ্টি হচ্ছে বলে মন্তব্য করছেন বিশিষ্ট নাগরিকরা। অন্যদিকে সাধারণ মানুষের দুর্ভোগের চিত্র প্রকট\r\n আকার ধারণ করলেও পয়ঃনিষ্কাশনব্যবস্থার উন্নয়নের বদলে পৌর কর্তৃপক্ষের দৃষ্টি কেবল নির্মাণ ও ব্যয়মূলক প্রকল্পের দিকে।', 1, 'Bristi_Edi.jpg', '2021-12-30', 0),
(81, 125, 'Parvez', 1, 'দক্ষিণ পাহাড়তলী', 'পুরো নগরীই যেন ময়লার ভাগাড়', 'রাজধানীজুড়ে ময়লা-আবর্জনা। যত্রতত্র ময়লায় ভাগাড়। জনসচেতনতার অভাব আর দায়িত্ববানদের অবহেলা ও কর্তৃপক্ষের চরম অব্যবস্থাপনায় গোটা রাজধানীই যেন ময়লা-আবর্জনার বৃহৎ ভাগাড়ে পরিণত হয়েছে। রাস্তাঘাট, অলিগলি, আবাসিক, বাণিজ্যিক এলাকা- সর্বত্রই ময়লা-আবর্জনার ছড়াছড়ি।\r\n নর্দমার নোংরা ময়লা-পানি ঢুকে পড়ছে বাড়িঘরেও। চারদিকের উৎকট গন্ধে বাতাস ভারী হয়ে থাকছে। প্রতিটি বাড়ির ফাঁকে, খোলা জায়গায়, গলিপথে ময়লা-আবর্জনার স্তূপ। ', 7, 'post_1.jpg', '2021-12-30', 0),
(82, 124, 'Faisal', 1, 'দক্ষিণ পাহাড়তলী', 'এক রাতের বৃষ্টিতে নগরীর অলিগলিতে হাঁটু পানি', 'ষ্টি হলেই  অধিকাংশ ওয়ার্ডের রাস্তায় রাস্তায় হাঁটুসমান পানি জমে যাচ্ছে। কোথাও কোথাও জলাবদ্ধতা দীর্ঘস্থায়ী হচ্ছে দিনের পর দিন। \r\n এতে চলাচলের ক্ষেত্রে চরম ভোগান্তির শিকার হচ্ছে পৌরবাসী। পানিতে ডুবে থাকা সড়কের গর্তে পড়ে প্রতিনিয়ত ঘটছে ছোট-বড় দুর্ঘটনা।\r\nনিয়মিত ড্রেন পরিষ্কার না করায় এই দুর্ভোগের সৃষ্টি হচ্ছে বলে মন্তব্য করছেন বিশিষ্ট নাগরিকরা। \r\n ', 5, 'Rain.jpg', '2021-12-30', 0),
(83, 123, 'Araf', 1, 'দক্ষিণ পাহাড়তলী', 'স্বাস্থ্য ঝুঁকিতে নগরবাসী : অব্যবস্থাপনায় ময়লার ভাগাড়', 'রাজধানীজুড়ে ময়লা-আবর্জনা। যত্রতত্র ময়লায় ভাগাড়। জনসচেতনতার অভাব আর দায়িত্ববানদের অবহেলা ও কর্তৃপক্ষের চরম অব্যবস্থাপনায় গোটা রাজধানীই যেন ময়লা-আবর্জনার বৃহৎ ভাগাড়ে পরিণত হয়েছে। রাস্তাঘাট, অলিগলি, আবাসিক, বাণিজ্যিক এলাকা- সর্বত্রই ময়লা-আবর্জনার ছড়াছড়ি।\r\n নর্দমার নোংরা ময়লা-পানি ঢুকে পড়ছে বাড়িঘরেও।', 7, 'moila_2.jpg', '2021-12-30', 0),
(84, 121, 'Tahsin', 1, 'দক্ষিণ পাহাড়তলী', 'মশক নিধন ', 'অধিকাংশ রাস্তা দীর্ঘদিন ধরে সংস্কার না হওয়ায় এবং রাস্তাগুলোর কার্পেটিং উঠেগিয়ে ছোট-বড় খানাখন্দকে পরিণত হওয়ায় চলাচলে চরম ভোগান্তিতে সাধারণ জনগণ।\r\nএমনকি উপজেলর বেশ কিছু রাস্তা দেখে বুঝার উপায় নেই কোনটা পাকা-কোনটা কাঁচা রাস্তা। আর এই কারণে যানবাহন ও জনসাধারণের চলাচলের অযোগ্য হয়ে পাড়েছে ঐ সকল রাস্তাগুলো।', 7, 'Dengue.jpg', '2021-12-30', 0),
(85, 131, 'Eka', 3, 'পাঁচলাইশ', 'বিশুদ্ধ পানির অপর নাম সুস্থ জীবন', 'বৃষ্টি হলেই  অধিকাংশ ওয়ার্ডের রাস্তায় রাস্তায় হাঁটুসমান পানি জমে যাচ্ছে। কোথাও কোথাও জলাবদ্ধতা দীর্ঘস্থায়ী হচ্ছে দিনের পর দিন। \r\n এতে চলাচলের ক্ষেত্রে চরম ভোগান্তির শিকার হচ্ছে পৌরবাসী। পানিতে ডুবে থাকা সড়কের গর্তে পড়ে প্রতিনিয়ত ঘটছে ছোট-বড় দুর্ঘটনা।', 11, 'Rasta1.jpg', '2022-01-09', 2),
(86, 130, 'Ayesha', 3, 'পাঁচলাইশ', 'স্বাস্থ্য ঝুঁকিতে নগরবাসী', 'রাজধানীজুড়ে ময়লা-আবর্জনা। যত্রতত্র ময়লায় ভাগাড়। জনসচেতনতার অভাব আর দায়িত্ববানদের অবহেলা ও কর্তৃপক্ষের চরম অব্যবস্থাপনায় গোটা রাজধানীই যেন ময়লা-আবর্জনার বৃহৎ ভাগাড়ে পরিণত হয়েছে', 7, 'moila_1.jpg', '2022-01-09', 2),
(87, 132, 'sara', 3, 'পাঁচলাইশ', 'যত্রতত্র ময়লা আবর্জনা', ' অধিকাংশ রাস্তা দীর্ঘদিন ধরে সংস্কার না হওয়ায় এবং রাস্তাগুলোর কার্পেটিং উঠেগিয়ে ছোট-বড় খানাখন্দকে পরিণত হওয়ায় চলাচলে চরম ভোগান্তিতে সাধারণ জনগণ।\r\nএমনকি উপজেলর বেশ কিছু রাস্তা ', 7, 'toilet_day_0.jpg', '2022-01-09', 0),
(88, 5, 'user_1', 1, 'দক্ষিণ পাহাড়তলী', 'বেদখল হচ্ছে খেলার মাঠ', 'বাংলাদেশ মাঠটি উন্মুক্ত থাকলেও সেখানে খেলাধুলার তেমন পরিবেশ নেই। একাংশে লোকজন দোকানপাট বানিয়েছে। আরেক অংশজুড়ে ময়লা-আবর্জনা ফেলা হচ্ছে। এ ছাড়া মাঠটি খানাখন্দেও ভরা। এরই মধ্যে কখনও কখনও রাজনৈতিক কর্মসূচিরও আয়োজন করা হয়। ধূপখোলা মাঠটি ইতিমধ্যে তিন ভাগ করা হয়েছে। এর এক ভাগে ফ্লাইওভারের বিভিন্ন ধরনের নির্মাণসামগ্রী রড-পাথর ফেলে রাখা হয়েছে। আরেক অংশে তৈরি হচ্ছে কমিউনিটি সেন্টার ও পার্ক। বাকি একাংশে খেলাধুলা করে শিশু-কিশোররা। স্থানীয় বাসিন্দা আশীষ বাড়ৈ বলেন, মাঠটি সীমানাপ্রাচীর দিয়ে খেলার উপযোগী করে দিলে সেখানে এলাকার শিশু-কিশোররা খেলাধুলা করতে পারত। বর্তমান অবস্থায় তা সম্ভব নয়।\r\n\r\nসম্প্রতি গোলাপবাগ মাঠটি দখলমুক্ত করে ডিএসসিসি। একটি ঠিকাদারি প্রতিষ্ঠান দখল করে নির্মাণসামগ্রী রাখছিল ওই মাঠে। প্রতিষ্ঠানটি মাঠের অভ্যন্তরে বেশ কয়েকটি ঘরও নির্মাণ করে রেখেছিল। অভিযান চালিয়ে সেসব ঘর উচ্ছেদ এবং নির্মাণসামগ্রী অপসারণ করা হলেও খেলাধুলার পরিবেশ এখনও তৈরি হয়নি। যদিও অভিযানের সময় মেয়র সাঈদ খোকন জানিয়েছিলেন, শিগগিরই মাঠটি খেলাধুলার উপযোগী করে তোলা হবে। কিন্তু সরেজমিন মাঠটিতে দেখা যায়, এখনও ইট-কংক্রিট সেখানে পড়ে আছে। কয়েকটি অবকাঠামোর ধ্বংসস্তূপ রয়ে গেছে মাঠের ভেতরে। এরই মধ্যে কিছু অংশ পরিচ্ছন্ন করে স্থানীয় কিছু কিশোর ক্রিকেটের স্ট্যাম্প পুঁতে খেলাধুলা করছে।', 12, 'field.jpg', '2022-01-12', 1),
(89, 2, 'citizen', 5, 'ওয়াসা রোড', 'উন্নয়নের স্রোতধারায় বদলে যাওয়া নগরী', 'পদ্মার তীর ঘেঁষে গড়ে উঠেছে সবুজে ঘেরা পরিষ্কার-পরিচ্ছন্ন রাজশাহী নগরী। বাতাসে ভাসমান মানবদেহের জন্য ক্ষতিকর কণা দ্রুত কমিয়ে আনার ক্ষেত্রে বিশ্বে পরিচিতি অর্জন করেছে রাজশাহী শহর। রাজশাহী সিটি করপোরেশন এখন উন্নয়নের স্রোতধারায় বদলে যাওয়া নগরী। অনেকেই এই নগরীকে গ্রিন সিটি, ক্লিন সিটি ও আলোকিত নগরী হিসেবে দেখতে আসেন।\r\n\r\nস্বাস্থ্যকর ও পরিচ্ছন্ন শহর হিসেবে দেশের সব শহরের চেয়ে এগিয়ে রয়েছে রাজশাহী। নগর উন্নয়নে দীর্ঘমেয়াদী পরিকল্পনা ও জিরো সয়েল প্রকল্প গ্রহণের কারণেই রাজশাহী সিটি করপোরেশনের ইতিহাসে একক সর্ববৃহৎ ২ হাজার ৯৩১ কোটি ৬২ লাখ টাকার রাজশাহী মহানগরীর সমন্বিত নগর অবকাঠামো উন্নয়ন প্রকল্প একনেক সভায় অনুমোদন দেন প্রধানমন্ত্রী শেখ হাসিনা।\r\n\r\nসভায় ২ হাজার ৯৩১ কোটি ৬২ লাখ খরচে স্থানীয় সরকার, পল্লী উন্নয়ন ও সমবায় মন্ত্রণালয়ের রাজশাহী জেলার চারঘাট ও বাঘা উপজেলায় পদ্মা নদীর বাম তীরের স্থাপনাসমূহ নদী ভাঙন হতে রক্ষা প্রকল্প এবং পানিসম্পদ মন্ত্রণালয়ের ৭২২ কোটি ২৪ লাখ টাকা খরচে রাজশাহী জেলার চারঘাট ও বাঘা উপজেলায় পদ্মা নদীর বাম তীরের স্থানসমূহ নদী ভাঙন হতে রক্ষা প্রকল্প অনুমোদন দেয়া হয়।', 10, 'upgrade.jpg', '2022-01-12', 0),
(90, 2, 'citizen', 5, 'ওয়াসা রোড', 'নারী সমস্যা সমাধানে তথ্য', 'আজ বৃহস্পতিবার উপজেলার চারঘাট ইউনিয়নের ঘোষপাড়া গ্রামে উপজেলা তথ্যসেবা কর্মকর্তা ফাতিমা খাতুনের সভাপতিত্বে এক উঠান বৈঠক অনুষ্ঠিত হয়। বৈঠকে প্রধান অতিথি হিসেবে উপস্থিত ছিলেন উপজেলা নির্বাহী কর্মকর্তা সৈয়দা সামিরা।\r\n\r\nএছাড়াও বিশেষ অতিথি হিসাবে উপস্থিত ছিলেন চারঘাট উপজেলা সহকারী কমিশনার(ভূমি) নিয়তি রানী কৈরী, ইউপি চেয়ারম্যান মোজাম্মেল হকসহ স্থানীয় গণ্যমান্য ব্যাক্তিবর্গ। \r\n\r\nউঠান বৈঠকে আসা ঘোষপাড়া গ্রামের গৃহিণী মারুফা বেগম বলেন, আমরা সবসময় সংসারের কাজে ব্যস্ত সময় পার করি। আমি আগে বাল্যবিবাহ, সন্ত্রাস, জঙ্গিবাদ, মাদকসহ বিভিন্ন বিষয়ের খারাপ দিক সম্পর্কে তেমন কিছুই জানতাম না।\r\n\r\nকিন্তু তথ্য আপার উঠান বৈঠকে এসে এসব খারাপ বিষয়ের ক্ষতিকর প্রভাব সম্পর্কে গভীরভাবে জানতে পেরেছি। আমি সচেতন হয়েছি এবং যারা উঠান বৈঠকে আসতে পারেনি আমি তাদেরও এ বিষয়গুলো সম্পর্কে সচেতন করার চেষ্টা করছি। আমিসহ গ্রামের গৃহিণীরা তথ্য আপার উঠান বৈঠক দ্বারা অনেক উপকৃত হচ্ছি। বেশি বেশি করে এ ধরনের উঠান বৈঠকের আয়োজন করা উচিত।', 3, 'omen.jpg', '2022-01-12', 0),
(91, 133, 'Munna', 10, '১০নং উত্তর কাট্টলী ওয়ার্ড', 'রাস্তার বেহাল দশা, ভোগান্তি চরমে', 'অধিকাংশ রাস্তা দীর্ঘদিন ধরে সংস্কার না হওয়ায় এবং রাস্তাগুলোর কার্পেটিং উঠেগিয়ে ছোট-বড় খানাখন্দকে পরিণত হওয়ায় চলাচলে চরম ভোগান্তিতে সাধারণ জনগণ।এমনকি উপজেলর বেশ কিছু রাস্তা দেখে বুঝার উপায় নেই কোনটা পাকা-কোনটা কাঁচা রাস্তা।', 1, 'img1.jpg', '2022-01-15', 2),
(92, 136, 'Jafar', 10, '১০নং উত্তর কাট্টলী ওয়ার্ড', ' শহর নয়, যেন ময়লার ভাগাড়', 'রাজধানীজুড়ে ময়লা-আবর্জনা। যত্রতত্র ময়লায় ভাগাড়। জনসচেতনতার অভাব আর দায়িত্ববানদের অবহেলা ও কর্তৃপক্ষের চরম অব্যবস্থাপনায় গোটা রাজধানীই যেন ময়লা-আবর্জনার বৃহৎ ভাগাড়ে পরিণত হয়েছে।', 7, 'moila_6.jpg', '2022-01-15', 1),
(93, 140, 'Nafsi', 10, '১০নং উত্তর কাট্টলী ওয়ার্ড', 'অনুপযুক্ত পাবলিক টয়লেট', 'দুর্গন্ধ, ভাঙা দরজা, সিটকানি না থাকা, ছাদের পানি চুয়ে পড়া, এমনকি নিরাপত্তার অভাব রয়েছে। বাসা থেকে কাজে বের হয়ে আবার ফিরে না আসা পর্যন্ত প্রস্রাব-পায়খানা চেপে রাখতে হয় নারী-প্রতিবন্ধীদের।', 7, 'toilet_day_0.jpg', '2022-01-15', 0),
(94, 142, 'Norin', 10, '১০নং উত্তর কাট্টলী ওয়ার্ড', 'ভয়ংকর কিশোর গ্যাং', 'যে বয়সে বই-খাতা নিয়ে স্কুলে যাওয়ার কথা, মাঠে খেলার কথা, সৃজনশীল কাজের মধ্য দিয়ে নিজেদের প্রতিভা বিকাশের পথে এগিয়ে যাওয়ার কথা—সেই বয়সের কিশোররা এখন ছুরি-চাকু, এমনকি আগ্নেয়াস্ত্র হাতে নিয়ে ঘুরে বেড়ায়', 2, 'mardor.jpg', '2022-01-15', 0),
(95, 141, 'Orin', 10, '১০নং উত্তর কাট্টলী ওয়ার্ড', 'নো মাস্ক নো সার্ভিস নীতিতে সরকার তবুও নির্দেশনা মানছে না কেউ!', 'সম্প্রতি দেশে করোনা আক্রান্তের হার কমতে শুরু করেছে। শীতের সাথে সাথে বিশ্বজুড়ে ফের সংক্রমণ বাড়তেও শুরু করেছে। বাংলাদেশও দ্বিতীয় সংক্রমণের ভয়াবহ ঝুঁকিতে রয়েছে বলে আশঙ্কা করেছে বিশ্ব স্বাস্থ্য সংস্থা', 6, 'mask.jpg', '2022-01-15', 0),
(96, 59, 'user_10', 10, '১০নং উত্তর কাট্টলী ওয়ার্ড', ' স্বাস্থ্য ঝুঁকিতে নগরবাসী ', 'রাজধানীজুড়ে ময়লা-আবর্জনা। যত্রতত্র ময়লায় ভাগাড়। জনসচেতনতার অভাব আর দায়িত্ববানদের অবহেলা ও কর্তৃপক্ষের চরম অব্যবস্থাপনায় গোটা রাজধানীই যেন ময়লা-আবর্জনার বৃহৎ ভাগাড়ে পরিণত হয়েছে', 6, 'dengue1.jpg', '2022-01-21', 0),
(97, 137, 'Jamal', 10, '১০নং উত্তর কাট্টলী ওয়ার্ড', ' বেদখল হচ্ছে খেলার মাঠ', 'বাংলাদেশ মাঠটি উন্মুক্ত থাকলেও সেখানে খেলাধুলার তেমন পরিবেশ নেই। একাংশে লোকজন দোকানপাট বানিয়েছে। আরেক অংশজুড়ে ময়লা-আবর্জনা ফেলা হচ্ছে\r\n', 12, 'field.jpg', '2022-01-21', 0),
(98, 71, 'user_22', 2, 'জালালাবাদ', 'Dengue', 'abcdefghrijdbfj', 1, 'dengue1.jpg', '2022-01-21', 1);

-- --------------------------------------------------------

--
-- Table structure for table `solution`
--

CREATE TABLE `solution` (
  `solution_id` int(100) NOT NULL,
  `post_id` int(100) NOT NULL,
  `budget` int(100) NOT NULL,
  `start_time` date NOT NULL,
  `end_time` date NOT NULL,
  `ward_no` int(100) NOT NULL,
  `recommendation` text NOT NULL
) ENGINE=InnoDB DEFAULT CHARSET=utf8mb4;

--
-- Dumping data for table `solution`
--

INSERT INTO `solution` (`solution_id`, `post_id`, `budget`, `start_time`, `end_time`, `ward_no`, `recommendation`) VALUES
(37, 61, 100000, '2022-01-01', '2022-05-01', 1, 'আসসালামু ওয়ালাইকুম \r\nবহুদিন ধরে এই রাস্তাটি মেরামত বিহীন অবস্থায় পড়ে আছে,জনসাধারণের সুবিধার জন্য কাজটি শেষ করতে অনুদান ধরকার'),
(38, 59, 0, '0000-00-00', '0000-00-00', 1, 'বহুদিন যাবত এই রাস্তাটিতে লাইট নষ্ট হয়ে যাওয়ার কারনে দিন দিন সাধারন জনগনকে নানা রকম সমস্যার সম্মুখীন হতে হচ্ছে, রাস্তায় লাইট গুলো মেরামতের জন্য'),
(39, 60, 0, '0000-00-00', '0000-00-00', 1, 'আমার এলাকার মেইন সড়কের পাশে অনুপযুক্ত পাবলিক টয়লেট গুলো মেরামতের জন্য এবং স্যানিটাইজেশনের জন্য কিছু অর্থ বরাদ্দ করার জন্য আপনার নিকট অনুমতি চায়ছি'),
(40, 57, 2000000, '2022-01-21', '2022-01-21', 1, 'বহু নালা-নর্দমা বেআইনি নির্মাণের ফলে বন্ধ। যত্রতত্র দোকান, বাড়ি গজিয়ে ওঠায় শহরটা হাঁসফাঁস দশা। \r\n কাকদ্বীপ শহরের প্রাণকেন্দ্রে নিয়মিত যানজটে নাজেহাল বাসিন্দারা দ্রুত সংস্কারের জন্য অর্থ বরাদ্ধ কামনা করছি।\r\n '),
(41, 70, 0, '0000-00-00', '0000-00-00', 2, 'চারদিকের উৎকট গন্ধে বাতাস ভারী হয়ে থাকছে। প্রতিটি বাড়ির ফাঁকে, খোলা জায়গায়, গলিপথে ময়লা-আবর্জনার স্তূপ।'),
(42, 66, 200000, '2022-01-13', '2022-06-21', 2, 'হলফনামা করে যে বিয়ে হয়, তা বন্ধ করতে পারলে ভালো হবে। তাঁরা এখন থেকে এলাকায় আর বাল্যবিবাহ হতে দেবেন না।'),
(43, 67, 0, '0000-00-00', '0000-00-00', 2, 'উপজেলার ৬ ইউনিয়ন এবং একটি পৌরসভার অধিকাংশ রাস্তাগুলোর কাপের্টিং উঠে গিয়ে ছোট বড় খানা খন্দকে পরিণত হয়েছে।'),
(44, 72, 0, '0000-00-00', '0000-00-00', 3, 'নর্দমার নোংরা ময়লা-পানি ঢুকে পড়ছে বাড়িঘরেও। চারদিকের উৎকট গন্ধে বাতাস ভারী হয়ে থাকছে। প্রতিটি বাড়ির ফাঁকে, খোলা জায়গায়, গলিপথে ময়লা-আবর্জনার স্তূপ।'),
(45, 73, 0, '0000-00-00', '0000-00-00', 3, 'অধিকাংশ রাস্তা দীর্ঘদিন ধরে সংস্কার না হওয়ায় এবং রাস্তাগুলোর কার্পেটিং উঠেগিয়ে ছোট-বড় খানাখন্দকে পরিণত হওয়ায় চলাচলে চরম ভোগান্তিতে সাধারণ জনগণ'),
(46, 74, 0, '0000-00-00', '0000-00-00', 3, ' চরম ভোগান্তির শিকার হচ্ছে পৌরবাসী। পানিতে ডুবে থাকা সড়কের গর্তে পড়ে প্রতিনিয়ত ঘটছে ছোট-বড় দুর্ঘটনা।'),
(47, 77, 0, '0000-00-00', '0000-00-00', 3, 'বৃষ্টি হলেই অধিকাংশ ওয়ার্ডের রাস্তায় রাস্তায় হাঁটুসমান পানি জমে যাচ্ছে'),
(48, 75, 0, '0000-00-00', '0000-00-00', 3, 'আসসালামু ওয়ালাইকুম স্যার\r\nএই সমস্যাটি সমাধানের জন্য স্যার আপনার নিকট অনুমতি এবং অর্থ বরাদ্দ চাই,উন্নয়নের বদলে পৌর কর্তৃপক্ষের দৃষ্টি কেবল নির্মাণ ও ব্যয়মূলক প্রকল্পের দিকে'),
(58, 58, 50000, '2022-01-25', '2022-02-10', 1, 'ময়লার সমস্যাটি যতো তাড়াতাড়ি সম্ভব সমাধান প্রয়োজন'),
(59, 88, 0, '0000-00-00', '0000-00-00', 1, 'dsaaaaaaaaaaaaaaaaaaaaaaaaaaaaaaaaaaaaaaaawsewe');

-- --------------------------------------------------------

--
-- Table structure for table `user`
--

CREATE TABLE `user` (
  `user_id` int(100) NOT NULL,
  `full_name` varchar(100) NOT NULL,
  `user_name` varchar(100) NOT NULL,
  `password` varchar(100) NOT NULL,
  `email` varchar(100) NOT NULL,
  `phone` int(100) NOT NULL,
  `dob` date NOT NULL,
  `nid` text NOT NULL,
  `ward_no` int(100) NOT NULL,
  `position` varchar(100) NOT NULL,
  `status` varchar(100) NOT NULL
) ENGINE=InnoDB DEFAULT CHARSET=utf8mb4;

--
-- Dumping data for table `user`
--

INSERT INTO `user` (`user_id`, `full_name`, `user_name`, `password`, `email`, `phone`, `dob`, `nid`, `ward_no`, `position`, `status`) VALUES
(1, 'Md. Rezaul Karim Chowdhury', 'admin', 'admin', 'admin@admin.com', 1811212121, '2012-11-07', 'admin.jpg', 0, 'mayor', 'assigned'),
(2, 'citizen', 'citizen', '1234', 'citizen@citizen.com', 1752003619, '2012-11-04', 'citizen.jpg', 5, 'citizen', 'assigned'),
(3, 'councilor_1', 'councilor_1', '1234', 'councilor_1@councilor_1.com', 1816152222, '1999-11-02', 'councilor.jpg', 1, 'councilor', 'assigned'),
(4, 'sumona', 'Sumona', 'tysd', 'sumonaafrin29@gmail.com', 1630232163, '2021-11-13', 'pore_dibo.jpg', 28, 'citizen', 'assigned'),
(5, 'user_1', 'user_1', '1234', 'user_1@user_1.com', 1630288163, '1995-11-09', 'user_1.jpg', 1, 'citizen', 'assigned'),
(6, 'Tahsin Mim', 'Tahsin', '12345', 'tahsin@gmail.com', 1630232163, '2021-11-03', 'pore_dibo.jpg', 30, 'citizen', 'unassigned'),
(7, 'Tanzina sultana', 'Tanju', '1234', 'tanzu@gmail.com', 1630232163, '2021-12-09', 'user_2.jpg', 7, 'citizen', 'assigned'),
(8, 'councilor_2', 'councilor_2', '1234', 'councilor_2@councilor_2.com', 1816152274, '1994-11-02', 'councilor.jpg', 2, 'councilor', 'assigned'),
(9, 'councilor_3', 'councilor_3', '1234', 'councilor_3@councilor_3.com', 1816152274, '1994-11-02', 'councilor.jpg', 3, 'councilor', 'assigned'),
(10, 'councilor_28', 'councilor_28', '1234', 'councilor_28@councilor_28.com', 1816152274, '1994-11-02', 'councilor.jpg', 28, 'councilor', 'assigned'),
(11, 'councilor_4', 'councilor_4', '1234', 'councilor_4@councilor_4.com', 1816152274, '1994-11-02', 'councilor.jpg', 4, 'councilor', 'assigned'),
(12, 'councilor_5', 'councilor_5', '1234', 'councilor_5@councilor_5.com', 1816152274, '1994-11-02', 'councilor.jpg', 5, 'councilor', 'assigned'),
(13, 'councilor_6', 'councilor_6', '1234', 'councilor_6@councilor_6.com', 1816152222, '1999-11-02', 'councilor.jpg', 6, 'councilor', 'assigned'),
(14, 'councilor_7', 'councilor_7', '1234', 'councilor_7@councilor_7.com', 1816152222, '1999-11-02', 'councilor.jpg', 7, 'councilor', 'assigned'),
(15, 'councilor_8', 'councilor_8', '1234', 'councilor_8@councilor_8.com', 1816152222, '1999-11-02', 'councilor.jpg', 8, 'councilor', 'assigned'),
(16, 'councilor_9', 'councilor_9', '1234', 'councilor_9@councilor_9.com', 1816152222, '1999-11-02', 'councilor.jpg', 9, 'councilor', 'assigned'),
(17, 'councilor_10', 'councilor_10', '1234', 'councilor_10@councilor_10.com', 1816152222, '1999-11-02', 'councilor.jpg', 10, 'councilor', 'assigned'),
(18, 'councilor_11', 'councilor_11', '1234', 'councilor_11@councilor_11.com', 1816152222, '1999-11-02', 'councilor.jpg', 11, 'councilor', 'assigned'),
(19, 'councilor_12', 'councilor_12', '1234', 'councilor_12@councilor_12.com', 1816152222, '1999-11-02', 'councilor.jpg', 12, 'councilor', 'assigned'),
(20, 'councilor_13', 'councilor_13', '1234', 'councilor_13@councilor_13.com', 1816152222, '1999-11-02', 'councilor.jpg', 13, 'councilor', 'assigned'),
(21, 'councilor_14', 'councilor_14', '1234', 'councilor_14@councilor_14.com', 1816152222, '1999-11-02', 'councilor.jpg', 14, 'councilor', 'assigned'),
(22, 'councilor_15', 'councilor_15', '1234', 'councilor_15@councilor_15.com', 1816152222, '1999-11-02', 'councilor.jpg', 15, 'councilor', 'assigned'),
(23, 'councilor_16', 'councilor_16', '1234', 'councilor_16@councilor_16.com', 1816152222, '1999-11-02', 'councilor.jpg', 16, 'councilor', 'assigned'),
(24, 'councilor_17', 'councilor_17', '1234', 'councilor_17@councilor_17.com', 1816152222, '1999-11-02', 'councilor.jpg', 17, 'councilor', 'assigned'),
(25, 'councilor_18', 'councilor_18', '1234', 'councilor_18@councilor_18.com', 1816152222, '1999-11-02', 'councilor.jpg', 18, 'councilor', 'assigned'),
(27, 'councilor_19', 'councilor_19', '1234', 'councilor_19@councilor_19.com', 1816152222, '1999-11-02', 'councilor.jpg', 19, 'councilor', 'assigned'),
(28, 'councilor_20', 'councilor_20', '1234', 'councilor_20@councilor_20.com', 1816152274, '1994-11-02', 'councilor.jpg', 20, 'councilor', 'assigned'),
(29, 'councilor_21', 'councilor_21', '1234', 'councilor_2@councilor_2.com', 1816152274, '1994-11-02', 'councilor.jpg', 21, 'councilor', 'assigned'),
(30, 'councilor_22', 'councilor_22', '1234', 'councilor_2@councilor_2.com', 1816152274, '1994-11-02', 'councilor.jpg', 22, 'councilor', 'assigned'),
(31, 'councilor_23', 'councilor_23', '1234', 'councilor_2@councilor_2.com', 1816152274, '1994-11-02', 'councilor.jpg', 23, 'councilor', 'assigned'),
(32, 'councilor_24', 'councilor_24', '1234', 'councilor_2@councilor_2.com', 1816152274, '1994-11-02', 'councilor.jpg', 24, 'councilor', 'assigned'),
(33, 'councilor_25', 'councilor_25', '1234', 'councilor_2@councilor_2.com', 1816152274, '1994-11-02', 'councilor.jpg', 25, 'councilor', 'assigned'),
(34, 'councilor_26', 'councilor_26', '1234', 'councilor_2@councilor_2.com', 1816152274, '1994-11-02', 'councilor.jpg', 26, 'councilor', 'assigned'),
(35, 'councilor_27', 'councilor_27', '1234', 'councilor_2@councilor_2.com', 1816152274, '1994-11-02', 'councilor.jpg', 27, 'councilor', 'assigned'),
(37, 'councilor_29', 'councilor_29', '1234', 'councilor_2@councilor_2.com', 1816152274, '1994-11-02', 'councilor.jpg', 29, 'councilor', 'assigned'),
(38, 'councilor_30', 'councilor_30', '1234', 'councilor_3@councilor_3.com', 1816152274, '1994-11-02', 'councilor.jpg', 30, 'councilor', 'assigned'),
(39, 'councilor_31', 'councilor_31', '1234', 'councilor_3@councilor_3.com', 1816152274, '1994-11-02', 'councilor.jpg', 31, 'councilor', 'assigned'),
(40, 'councilor_32', 'councilor_32', '1234', 'councilor_3@councilor_3.com', 1816152274, '1994-11-02', 'councilor.jpg', 32, 'councilor', 'assigned'),
(41, 'councilor_33', 'councilor_33', '1234', 'councilor_3@councilor_3.com', 1816152274, '1994-11-02', 'councilor.jpg', 33, 'councilor', 'assigned'),
(42, 'councilor_34', 'councilor_34', '1234', 'councilor_3@councilor_3.com', 1816152274, '1994-11-02', 'councilor.jpg', 34, 'councilor', 'assigned'),
(43, 'councilor_35', 'councilor_35', '1234', 'councilor_3@councilor_3.com', 1816152274, '1994-11-02', 'councilor.jpg', 35, 'councilor', 'assigned'),
(44, 'councilor_36', 'councilor_36', '1234', 'councilor_3@councilor_3.com', 1816152274, '1994-11-02', 'councilor.jpg', 36, 'councilor', 'assigned'),
(45, 'councilor_37', 'councilor_37', '1234', 'councilor_3@councilor_3.com', 1816152274, '1994-11-02', 'councilor.jpg', 37, 'councilor', 'assigned'),
(46, 'councilor_38', 'councilor_38', '1234', 'councilor_3@councilor_3.com', 1816152274, '1994-11-02', 'councilor.jpg', 38, 'councilor', 'assigned'),
(47, 'councilor_39', 'councilor_39', '1234', 'councilor_3@councilor_3.com', 1816152274, '1994-11-02', 'councilor.jpg', 39, 'councilor', 'assigned'),
(48, 'councilor_40', 'councilor_40', '1234', 'councilor_4@councilor_4.com', 1816152274, '1994-11-02', 'councilor.jpg', 40, 'councilor', 'assigned'),
(49, 'councilor_41', 'councilor_41', '1234', 'councilor_4@councilor_4.com', 1816152274, '1994-11-02', 'councilor.jpg', 41, 'councilor', 'assigned'),
(50, 'councilor_42', 'councilor_42', '1234', 'councilor_4@councilor_4.com', 1816152274, '1994-11-02', 'councilor.jpg', 42, 'councilor', 'assigned'),
(51, 'user_2', 'user_2', '1234', 'user_1@user_2.com', 1630288163, '1995-11-09', 'user_1.jpg', 1, 'citizen', 'assigned'),
(52, 'user_3', 'user_3', '1234', 'user_1@user_3.com', 1630288163, '1995-11-09', 'user_1.jpg', 3, 'citizen', 'assigned'),
(53, 'user_4', 'user_4', '1234', 'user_1@user_1.com', 1630288163, '1995-11-09', 'user_1.jpg', 4, 'citizen', 'assigned'),
(54, 'user_5', 'user_5', '1234', 'user_1@user_5.com', 1630288163, '1995-11-09', 'user_1.jpg', 5, 'citizen', 'assigned'),
(55, 'user_6', 'user_6', '1234', 'user_1@user_6.com', 1630288163, '1995-11-09', 'user_1.jpg', 6, 'citizen', 'assigned'),
(56, 'user_8', 'user_8', '1234', 'user_1@user_1.com', 1630288163, '1995-11-09', 'user_8.jpg', 8, 'citizen', 'assigned'),
(57, 'user_9', 'user_9', '1234', 'user_1@user_9.com', 1630288163, '1995-11-09', 'user_1.jpg', 9, 'citizen', 'assigned'),
(58, 'user_9', 'user_9', '1234', 'user_1@user_9.com', 1630288163, '1995-11-09', 'user_1.jpg', 9, 'citizen', 'assigned'),
(59, 'user_10', 'user_10', '1234', 'user_1@user_10.com', 1630288163, '1995-11-09', 'user_1.jpg', 10, 'citizen', 'assigned'),
(60, 'user_11', 'user_11', '1234', 'user_1@user_11.com', 1630288163, '1995-11-09', 'user_1.jpg', 11, 'citizen', 'assigned'),
(61, 'user_13', 'user_13', '1234', 'user_1@user_1.com', 1630288163, '1995-11-09', 'user_1.jpg', 13, 'citizen', 'assigned'),
(62, 'user_14', 'user_14', '1234', 'user_1@user_1.com', 1630288163, '1995-11-09', 'user_1.jpg', 14, 'citizen', 'assigned'),
(63, 'user_15', 'user_15', '1234', 'user_1@user_1.com', 1630288163, '1995-11-09', 'user_15.jpg', 15, 'citizen', 'assigned'),
(64, 'user_16', 'user_16', '1234', 'user_1@user_16.com', 1630288163, '1995-11-09', 'user_1.jpg', 16, 'citizen', 'assigned'),
(65, 'user_17', 'user_17', '1234', 'user_1@user_17.com', 1630288163, '1995-11-09', 'user_1.jpg', 17, 'citizen', 'assigned'),
(66, 'user_18', 'user_18', '1234', 'user_1@user_1.com', 1630288163, '1995-11-09', 'user_1.jpg', 18, 'citizen', 'assigned'),
(67, 'user_21', 'user_21', '1234', 'user_1@user_2.com', 1630288163, '1995-11-09', 'user_1.jpg', 21, 'citizen', 'assigned'),
(68, 'user_11', 'user_11', '1234', 'user_1@user_11.com', 1630288163, '1995-11-09', 'user_1.jpg', 1, 'citizen', 'assigned'),
(69, 'user_12', 'user_12', '1234', 'user_1@user_12.com', 1630288163, '1995-11-09', 'user_1.jpg', 1, 'citizen', 'assigned'),
(70, 'user_13', 'user_13', '1234', 'user_1@user_13.com', 1630288163, '1995-11-09', 'user_1.jpg', 1, 'citizen', 'assigned'),
(71, 'user_22', 'user_22', '1234', 'user_1@user_1.com', 1630288163, '1995-11-09', 'user_1.jpg', 2, 'citizen', 'assigned'),
(72, 'user_23', 'user_23', '1234', 'user_1@user_1.com', 1630288163, '1995-11-09', 'user_1.jpg', 2, 'citizen', 'assigned'),
(73, 'user_24', 'user_24', '1234', 'user_1@user_1.com', 1630288163, '1995-11-09', 'user_1.jpg', 2, 'citizen', 'assigned'),
(74, 'user_25', 'user_25', '1234', 'user_1@user_1.com', 1630288163, '1995-11-09', 'user_1.jpg', 2, 'citizen', 'assigned'),
(75, 'user_26', 'user_26', '1234', 'user_1@user_1.com', 1630288163, '1995-11-09', 'user_1.jpg', 2, 'citizen', 'assigned'),
(76, 'user_31', 'user_31', '1234', 'user_1@user_3.com', 1630288163, '1995-11-09', 'user_1.jpg', 3, 'citizen', 'assigned'),
(77, 'user_33', 'user_33', '1234', 'user_1@user_3.com', 1630288163, '1995-11-09', 'user_1.jpg', 3, 'citizen', 'assigned'),
(78, 'user_32', 'user_32', '1234', 'user_1@user_3.com', 1630288163, '1995-11-09', 'user_1.jpg', 3, 'citizen', 'assigned'),
(79, 'user_34', 'user_34', '1234', 'user_1@user_3.com', 1630288163, '1995-11-09', 'user_1.jpg', 3, 'citizen', 'assigned'),
(80, 'user_35', 'user_35', '1234', 'user_1@user_3.com', 1630288163, '1995-11-09', 'user_1.jpg', 3, 'citizen', 'assigned'),
(81, 'user_36', 'user_36', '1234', 'user_1@user_3.com', 1630288163, '1995-11-09', 'user_1.jpg', 3, 'citizen', 'assigned'),
(82, 'user_41', 'user_41', '1234', 'user_1@user_1.com', 1630288163, '1995-11-09', 'user_1.jpg', 4, 'citizen', 'assigned'),
(83, 'user_42', 'user_42', '1234', 'user_1@user_1.com', 1630288163, '1995-11-09', 'user_1.jpg', 4, 'citizen', 'assigned'),
(84, 'user_43', 'user_43', '1234', 'user_1@user_1.com', 1630288163, '1995-11-09', 'user_1.jpg', 4, 'citizen', 'assigned'),
(85, 'user_51', 'user_51', '1234', 'user_1@user_6.com', 1630288163, '1995-11-09', 'user_1.jpg', 5, 'citizen', 'assigned'),
(86, 'user_52', 'user_52', '1234', 'user_1@user_52.com', 1630288163, '1995-11-09', 'user_1.jpg', 5, 'citizen', 'assigned'),
(87, 'user_53', 'user_53', '1234', 'user_1@user_52.com', 1630288163, '1995-11-09', 'user_1.jpg', 5, 'citizen', 'assigned'),
(88, 'user_54', 'user_54', '1234', 'user_1@user_52.com', 1630288163, '1995-11-09', 'user_1.jpg', 5, 'citizen', 'assigned'),
(89, 'user_61', 'user_61', '1234', 'user_1@user_52.com', 1630288163, '1995-11-09', 'user_1.jpg', 6, 'citizen', 'assigned'),
(90, 'user_62', 'user_62', '1234', 'user_1@user_52.com', 1630288163, '1995-11-09', 'user_1.jpg', 6, 'citizen', 'assigned'),
(91, 'user_63', 'user_63', '1234', 'user_1@user_52.com', 1630288163, '1995-11-09', 'user_1.jpg', 6, 'citizen', 'assigned'),
(92, 'user_64', 'user_64', '1234', 'user_1@user_52.com', 1630288163, '1995-11-09', 'user_1.jpg', 6, 'citizen', 'assigned'),
(93, 'user_65', 'user_65', '1234', 'user_1@user_52.com', 1630288163, '1995-11-09', 'user_1.jpg', 6, 'citizen', 'assigned'),
(94, 'user_66', 'user_66', '1234', 'user_1@user_52.com', 1630288163, '1995-11-09', 'user_1.jpg', 6, 'citizen', 'assigned'),
(95, 'user_71', 'user_71', '1234', 'user_1@user_52.com', 1630288163, '1995-11-09', 'user_1.jpg', 7, 'citizen', 'assigned'),
(96, 'user_72', 'user_72', '1234', 'user_1@user_52.com', 1630288163, '1995-11-09', 'user_1.jpg', 7, 'citizen', 'assigned'),
(97, 'user_73', 'user_73', '1234', 'user_1@user_52.com', 1630288163, '1995-11-09', 'user_1.jpg', 7, 'citizen', 'assigned'),
(98, 'user_74', 'user_74', '1234', 'user_1@user_52.com', 1630288163, '1995-11-09', 'user_1.jpg', 7, 'citizen', 'assigned'),
(99, 'user_75', 'user_75', '1234', 'user_1@user_52.com', 1630288163, '1995-11-09', 'user_1.jpg', 7, 'citizen', 'assigned'),
(100, 'user_76', 'user_76', '1234', 'user_1@user_52.com', 1630288163, '1995-11-09', 'user_1.jpg', 7, 'citizen', 'assigned'),
(101, 'user_81', 'user_81', '1234', 'user_1@user_52.com', 1630288163, '1995-11-09', 'user_1.jpg', 8, 'citizen', 'assigned'),
(102, 'user_82', 'user_82', '1234', 'user_1@user_52.com', 1630288163, '1995-11-09', 'user_1.jpg', 8, 'citizen', 'assigned'),
(103, 'user_83', 'user_83', '1234', 'user_1@user_52.com', 1630288163, '1995-11-09', 'user_1.jpg', 8, 'citizen', 'assigned'),
(104, 'user_84', 'user_84', '1234', 'user_1@user_52.com', 1630288163, '1995-11-09', 'user_1.jpg', 8, 'citizen', 'assigned'),
(105, 'user_85', 'user_85', '1234', 'user_1@user_52.com', 1630288163, '1995-11-09', 'user_1.jpg', 8, 'citizen', 'assigned'),
(106, 'user_95', 'user_95', '1234', 'user_1@user_52.com', 1630288163, '1995-11-09', 'user_1.jpg', 9, 'citizen', 'assigned'),
(107, 'user_91', 'user_91', '1234', 'user_1@user_52.com', 1630288163, '1995-11-09', 'user_1.jpg', 9, 'citizen', 'assigned'),
(108, 'user_92', 'user_92', '1234', 'user_1@user_52.com', 1630288163, '1995-11-09', 'user_1.jpg', 9, 'citizen', 'assigned'),
(109, 'user_93', 'user_93', '1234', 'user_1@user_52.com', 1630288163, '1995-11-09', 'user_1.jpg', 9, 'citizen', 'assigned'),
(110, 'user_94', 'user_94', '1234', 'user_1@user_52.com', 1630288163, '1995-11-09', 'user_1.jpg', 9, 'citizen', 'assigned'),
(111, 'user_101', 'user_101', '1234', 'user_1@user_52.com', 1630288163, '1995-11-09', 'user_1.jpg', 10, 'citizen', 'assigned'),
(112, 'user_102', 'user_102', '1234', 'user_1@user_52.com', 1630288163, '1995-11-09', 'user_1.jpg', 10, 'citizen', 'assigned'),
(113, 'user_103', 'user_103', '1234', 'user_1@user_52.com', 1630288163, '1995-11-09', 'user_1.jpg', 10, 'citizen', 'assigned'),
(114, 'user_104', 'user_104', '1234', 'user_1@user_52.com', 1630288163, '1995-11-09', 'user_1.jpg', 10, 'citizen', 'assigned'),
(115, 'user_105', 'user_105', '1234', 'user_1@user_52.com', 1630288163, '1995-11-09', 'user_1.jpg', 10, 'citizen', 'assigned'),
(117, 'Samiya Zaman', 'Samia', '1234', 'user_1@user_1.com', 1630288163, '1995-11-09', 'user_1.jpg', 1, 'citizen', 'assigned'),
(118, 'Raisaa Zaman', 'Raisaa', '1234', 'user_1@user_1.com', 1630288163, '1995-11-09', 'user_1.jpg', 1, 'citizen', 'assigned'),
(119, 'Sanjida', 'Sanjida', '1234', 'user_1@user_1.com', 1630288163, '1995-11-09', 'user_1.jpg', 2, 'citizen', 'assigned'),
(120, 'Harunur Rashid', 'Rashid', '1234', 'user_1@user_1.com', 1630288163, '1995-11-09', 'user_1.jpg', 2, 'citizen', 'assigned'),
(121, 'Tahsin Mim', 'Tahsin', '1234', 'user_1@user_1.com', 1630288163, '1995-11-09', 'user_1.jpg', 1, 'citizen', 'assigned'),
(122, 'Richi Barua', 'Richi', '1234', 'user_1@user_1.com', 1630288163, '1995-11-09', 'user_1.jpg', 1, 'citizen', 'assigned'),
(123, 'Kazi Afrime', 'Araf', '1234', 'user_1@user_1.com', 1630288163, '1995-11-09', 'user_1.jpg', 1, 'citizen', 'assigned'),
(124, 'Amir Faisal', 'Faisal', '1234', 'user_1@user_1.com', 1630288163, '1995-11-09', 'user_1.jpg', 1, 'citizen', 'assigned'),
(125, 'Faisal parvez', 'Parvez', '1234', 'user_1@user_1.com', 1630288163, '1995-11-09', 'user_1.jpg', 1, 'citizen', 'assigned'),
(126, 'Rifat Nowshera', 'Rifat', '1234', 'user_1@user_1.com', 1630288163, '1995-11-09', 'user_1.jpg', 1, 'citizen', 'assigned'),
(127, 'Morshed Rana', 'Rana', '1234', 'user_1@user_1.com', 1630288163, '1995-11-09', 'user_1.jpg', 1, 'citizen', 'assigned'),
(128, 'Waali Hasib', 'Hasib', '1234', 'user_1@user_1.com', 1630288163, '1995-11-09', 'user_1.jpg', 1, 'citizen', 'assigned'),
(129, 'Saif Ahmeed', 'Saif', '1234', 'user_1@user_1.com', 1630288163, '1995-11-09', 'user_1.jpg', 1, 'citizen', 'assigned'),
(130, 'Ayesha', 'Ayesha', '1234', 'user_1@user_3.com', 1630288163, '1995-11-09', 'user_1.jpg', 3, 'citizen', 'assigned'),
(131, 'Sumona Afrin', 'Eka', '1234', 'user_1@user_3.com', 1630288163, '1995-11-09', 'user_1.jpg', 3, 'citizen', 'assigned'),
(132, 'Sairaa', 'sara', '1234', 'user_1@user_3.com', 1630288163, '1995-11-09', 'user_1.jpg', 3, 'citizen', 'assigned'),
(133, 'Munna', 'Munna', '1234', 'user_1@user_10.com', 1630288163, '1995-11-09', 'user_1.jpg', 10, 'citizen', 'assigned'),
(134, 'Sanjida', 'Sanji', '1234', 'user_1@user_10.com', 1630288163, '1995-11-09', 'user_1.jpg', 10, 'citizen', 'assigned'),
(135, 'Rubel Chowdhury', 'Rubel', '1234', 'user_1@user_10.com', 1630288163, '1995-11-09', 'user_1.jpg', 10, 'citizen', 'assigned'),
(136, 'Abu Jafar', 'Jafar', '1234', 'user_1@user_10.com', 1630288163, '1995-11-09', 'user_1.jpg', 10, 'citizen', 'assigned'),
(137, 'Jamal', 'Jamal', '1234', 'user_1@user_10.com', 1630288163, '1995-11-09', 'user_1.jpg', 10, 'citizen', 'assigned'),
(138, 'Jerin', 'Jerin', '1234', 'user_1@user_10.com', 1630288163, '1995-11-09', 'user_1.jpg', 10, 'citizen', 'assigned'),
(139, 'Tasmi', 'Tasmi', '1234', 'user_1@user_10.com', 1630288163, '1995-11-09', 'user_1.jpg', 10, 'citizen', 'assigned'),
(140, 'Nafsi', 'Nafsi', '1234', 'user_1@user_10.com', 1630288163, '1995-11-09', 'user_1.jpg', 10, 'citizen', 'assigned'),
(141, 'Orin', 'Orin', '1234', 'user_1@user_10.com', 1630288163, '1995-11-09', 'user_1.jpg', 10, 'citizen', 'assigned'),
(142, 'Norin', 'Norin', '1234', 'user_1@user_10.com', 1630288163, '1995-11-09', 'user_1.jpg', 10, 'citizen', 'assigned');

--
-- Indexes for dumped tables
--

--
-- Indexes for table `category`
--
ALTER TABLE `category`
  ADD PRIMARY KEY (`category_id`);

--
-- Indexes for table `contact`
--
ALTER TABLE `contact`
  ADD PRIMARY KEY (`contact_id`);

--
-- Indexes for table `notice`
--
ALTER TABLE `notice`
  ADD PRIMARY KEY (`notice_id`);

--
-- Indexes for table `posts`
--
ALTER TABLE `posts`
  ADD PRIMARY KEY (`post_id`);

--
-- Indexes for table `solution`
--
ALTER TABLE `solution`
  ADD PRIMARY KEY (`solution_id`);

--
-- Indexes for table `user`
--
ALTER TABLE `user`
  ADD PRIMARY KEY (`user_id`);

--
-- AUTO_INCREMENT for dumped tables
--

--
-- AUTO_INCREMENT for table `category`
--
ALTER TABLE `category`
  MODIFY `category_id` int(100) NOT NULL AUTO_INCREMENT, AUTO_INCREMENT=14;

--
-- AUTO_INCREMENT for table `contact`
--
ALTER TABLE `contact`
  MODIFY `contact_id` int(100) NOT NULL AUTO_INCREMENT, AUTO_INCREMENT=25;

--
-- AUTO_INCREMENT for table `notice`
--
ALTER TABLE `notice`
  MODIFY `notice_id` int(100) NOT NULL AUTO_INCREMENT, AUTO_INCREMENT=37;

--
-- AUTO_INCREMENT for table `posts`
--
ALTER TABLE `posts`
  MODIFY `post_id` int(100) NOT NULL AUTO_INCREMENT, AUTO_INCREMENT=99;

--
-- AUTO_INCREMENT for table `solution`
--
ALTER TABLE `solution`
  MODIFY `solution_id` int(100) NOT NULL AUTO_INCREMENT, AUTO_INCREMENT=60;

--
-- AUTO_INCREMENT for table `user`
--
ALTER TABLE `user`
  MODIFY `user_id` int(100) NOT NULL AUTO_INCREMENT, AUTO_INCREMENT=143;
COMMIT;

/*!40101 SET CHARACTER_SET_CLIENT=@OLD_CHARACTER_SET_CLIENT */;
/*!40101 SET CHARACTER_SET_RESULTS=@OLD_CHARACTER_SET_RESULTS */;
/*!40101 SET COLLATION_CONNECTION=@OLD_COLLATION_CONNECTION */;
